avatar_key,gender,first_name,image
avatar_021,F,Aaron,
avatar_006,F,Aiden,
avatar_045,F,Asher,
avatar_023,F,Blake,
avatar_013,F,Caleb,
avatar_009,F,Carter,
avatar_025,F,Cole,
avatar_014,F,Connor,
avatar_047,F,Declan,
avatar_027,F,Dylan,
avatar_001,F,Ethan,
avatar_049,F,Felix,
avatar_029,F,Gavin,
avatar_051,F,Holden,
avatar_031,F,Ian,
avatar_019,F,Isaac,
avatar_033,F,Jaxon,
avatar_008,F,Jayden,
avatar_035,F,Kevin,
avatar_053,F,Kingston,
avatar_037,F,Miles,
avatar_055,F,Milo,
avatar_004,F,Noah,
avatar_039,F,Parker,
avatar_057,F,Phoenix,
avatar_041,F,Riley,
avatar_017,F,Ryan,
avatar_060,F,Silas,
avatar_043,F,Tristan,
avatar_016,F,Tyler,
avatar_011,F,Wyatt,
avatar_022,M,Adrian,
avatar_010B,M,Alex,
avatar_046,M,Bennett,
avatar_024,M,Brody,
avatar_026,M,Damian,
avatar_020,M,Eli,
avatar_048,M,Emmett,
avatar_028,M,Evan,
avatar_050,M,Grayson,
avatar_030,M,Hayden,
avatar_012,M,Hunter,
avatar_032,M,Jace,
avatar_052,M,Jasper,
avatar_015,M,Jordan,
avatar_034,M,Kai,
avatar_036,M,Leo,
avatar_005,M,Liam,
avatar_003,M,Logan,
avatar_054,M,Luca,
avatar_007,M,Lucas,
avatar_002,M,Mason,
avatar_038,M,Nathan,
avatar_056,M,Nico,
avatar_018,M,Nolan,
avatar_010,M,Owen,
avatar_040,M,Reid,
avatar_058,M,Rowan,
avatar_042,M,Sawyer,
avatar_044,M,Zach,
